object,SourceID,value,object_id,source_id
milton_newhampshire_Population2000,16168: SatyrTN,3910,157,352
milton_newhampshire_Population2000,0 (76.19.53.22),23910,157,274
milton_newhampshire_Population2000,5512121: CapitalBot,3910,157,561
omaha_nebraska_Population2000,201610: Pentawing,390007,189,401
omaha_nebraska_Population2000,89326: Swid,390007,189,630
omaha_nebraska_Population2000,0 (209.244.7.243),419545,189,77
omaha_nebraska_Population2000,0 (130.13.0.68),419079,189,18
omaha_nebraska_Population2000,3315180: Someguy1221,399762,189,481
omaha_nebraska_Population2000,0 (141.246.2.6),431154,189,26
omaha_nebraska_Population2000,16824: Freechild,399762,189,365
omaha_nebraska_Population2000,0 (137.48.218.90),424024,189,22
omaha_nebraska_Population2000,5512121: CapitalBot,399762,189,561
omaha_nebraska_Population2000,4426159: Edporter,427872,189,527
omaha_nebraska_Population2000,0 (68.107.239.180),427872,189,159
omaha_nebraska_Population2000,0 (82.95.12.232),427867,189,284
schaumburg_illinois_Population2000,655669: Fumo7887,73345,240,597
schaumburg_illinois_Population2000,725352: Andyross,75386,240,609
schaumburg_illinois_Population2000,5478189: Detroiterbot,75386,240,559
lakeoswego_oregon_Population2000,919557: Jnk,35278,127,631
lakeoswego_oregon_Population2000,1955864: Esprqii,35278,127,394
lakeoswego_oregon_Population2000,5512121: CapitalBot,35278,127,561
lakeoswego_oregon_Population2000,0 (208.71.204.65),36073,127,72
culver_oregon_Population2000,249030: Ajbenj,802,53,426
culver_oregon_Population2000,0 (140.211.69.11),1206,53,25
culver_oregon_Population2000,759211: Katr67,802,53,616
culver_oregon_Population2000,5512121: CapitalBot,802,53,561
reno_nevada_Population2000,5512121: CapitalBot,180480,216,561
reno_nevada_Population2000,0 (69.227.142.114),210255,216,192
sweeny_texas_Population2000,862587: Grandpafootsoldier,3624,263,628
sweeny_texas_Population2000,4043085: Sweeny2007,7316,263,511
sweeny_texas_Population2000,5512121: CapitalBot,3624,263,561
rowe_massachusetts_Population2000,988917: CapitalR,351,223,642
rowe_massachusetts_Population2000,0 (71.123.117.82),351000000,223,210
rowe_massachusetts_Population2000,0 (64.190.21.226),351,223,124
rowe_massachusetts_Population2000,5512121: CapitalBot,351,223,561
vicksburg_mississippi_Population2000,104574: ArkansasTraveler,26407,277,295
vicksburg_mississippi_Population2000,5512121: CapitalBot,26407,277,561
vicksburg_mississippi_Population2000,0 (66.140.36.82),1126407,277,136
vicksburg_mississippi_Population2000,260361: Lastexpofan,26407,277,435
neworleans_louisiana_Population2000,125968: Kevin M Marshall,484674,180,316
neworleans_louisiana_Population2000,0 (219.93.174.194),0,180,93
neworleans_louisiana_Population2000,343214: Derek.cashman,484674,180,488
neworleans_louisiana_Population2000,0 (199.44.251.2),1484674,180,51
neworleans_louisiana_Population2000,488078: Aivazovsky,484674,180,545
neworleans_louisiana_Population2000,4444: Infrogmation,484674,180,530
neworleans_louisiana_Population2000,547928: GregRM,484674,180,560
neworleans_louisiana_Population2000,350968: Wbbigtymer,484674,180,493
neworleans_louisiana_Population2000,0 (67.35.240.160),484674,180,157
neworleans_louisiana_Population2000,967235: Theoldanarchist,484674,180,637
neworleans_louisiana_Population2000,435516: Blnguyen,484674,180,521
neworleans_louisiana_Population2000,0 (68.89.124.29),255000,180,175
neworleans_louisiana_Population2000,2558878: Duece22,484646,180,431
neworleans_louisiana_Population2000,328964: William Graham,255000,180,479
neworleans_louisiana_Population2000,0 (75.43.58.217),484674,180,264
neworleans_louisiana_Population2000,0 (68.93.99.225),262000,180,176
neworleans_louisiana_Population2000,824876: VerruckteDan,484674,180,622
neworleans_louisiana_Population2000,395740: ArielGold,484674,180,510
neworleans_louisiana_Population2000,5451838: F-402,484674,180,557
neworleans_louisiana_Population2000,0 (209.213.220.227),273000,180,74
neworleans_louisiana_Population2000,2442135: Mikelj,484674,180,425
neworleans_louisiana_Population2000,0 (72.148.93.55),255553,180,233
neworleans_louisiana_Population2000,0 (137.30.252.36),484674,180,21
neworleans_louisiana_Population2000,5478189: Detroiterbot,484674,180,559
onslow_iowa_Population2000,5512121: CapitalBot,223,190,561
onslow_iowa_Population2000,0 (216.159.16.2),123091,190,86
onslow_iowa_Population2000,1960810: Nyttend,223,190,395
onslow_iowa_Population2000,5967546: Tom hanks rox,223098,190,580
vallejo_california_Population2000,355013: Geopgeop,116760,275,494
vallejo_california_Population2000,0 (209.244.43.27),125900,275,76
rosman_northcarolina_Population2000,5512121: CapitalBot,490,221,561
rosman_northcarolina_Population2000,5580119: Scullymulder1234,666,221,564
rosman_northcarolina_Population2000,4928500: ClueBot,490,221,548
rosman_northcarolina_Population2000,0 (207.144.122.253),69,221,60
rosman_northcarolina_Population2000,104025: Acntx,490,221,294
columbia_illinois_Population2000,2606652: Zeke72791,7922,46,436
columbia_illinois_Population2000,0 (216.114.102.213),176,46,84
columbia_illinois_Population2000,5478189: Detroiterbot,7922,46,559
sylva_northcarolina_Population2000,1110469: Brownings,9232,264,302
sylva_northcarolina_Population2000,1737239: Ncmattj,2435,264,370
sylva_northcarolina_Population2000,5512121: CapitalBot,2435,264,561
marshalltown_iowa_Population2000,1356011: Arroyjose,26009,147,327
marshalltown_iowa_Population2000,0 (75.73.92.107),5,147,269
marshalltown_iowa_Population2000,608951: Shalom,26009,147,589
marshalltown_iowa_Population2000,5512121: CapitalBot,26009,147,561
camden_newjersey_Population2000,627347: MJCdetroit,79904,36,593
camden_newjersey_Population2000,0 (24.149.194.65),89904,36,99
camden_newjersey_Population2000,1681277: LegitimateAndEvenCompelling,79904,36,363
saltlakecity_utah_Population2000,627347: MJCdetroit,181743,234,593
saltlakecity_utah_Population2000,0 (200.122.126.67),276130,234,52
saltlakecity_utah_Population2000,117873: Bob rulz,181743,234,309
saltlakecity_utah_Population2000,5453781: Trixareforkids1328,178858,234,558
saltlakecity_utah_Population2000,5512121: CapitalBot,178858,234,561
iowacity_iowa_Population2000,316949: American007,62220,112,471
iowacity_iowa_Population2000,0 (71.217.214.173),400000,112,219
iowacity_iowa_Population2000,28269: Iowahwyman,62220,112,449
reedsport_oregon_Population2000,249030: Ajbenj,4378,215,426
reedsport_oregon_Population2000,0 (69.19.138.32),54378,215,184
reedsport_oregon_Population2000,759211: Katr67,4378,215,616
reedsport_oregon_Population2000,5512121: CapitalBot,4378,215,561
north_southcarolina_Population2000,1011141: Jonathanjohnson,813,184,291
north_southcarolina_Population2000,0 (72.159.150.88),2357,184,235
north_southcarolina_Population2000,1257855: Gogo Dodo,813,184,315
north_southcarolina_Population2000,5512121: CapitalBot,813,184,561
flemington_missouri_Population2000,0 (24.149.149.61),4201,79,97
flemington_missouri_Population2000,0 (205.247.5.97),4171,79,59
flemington_missouri_Population2000,5512121: CapitalBot,124,79,561
scranton_pennsylvania_Population2000,620554: Harpchad,76415,241,590
scranton_pennsylvania_Population2000,325157: Ruhrfisch,76415,241,477
scranton_pennsylvania_Population2000,1657874: Trezjr,76415,241,361
scranton_pennsylvania_Population2000,0 (72.70.223.53),76499,241,242
scranton_pennsylvania_Population2000,0 (72.155.226.77),17097446,241,234
scranton_pennsylvania_Population2000,489839: Swerdnaneb,76415,241,547
marquette_michigan_Population2000,276590: Un sogno modesto,19661,146,444
marquette_michigan_Population2000,0 (71.86.227.238),20714,146,226
marquette_michigan_Population2000,466067: Criticalthinker,19661,146,537
marquette_michigan_Population2000,5512121: CapitalBot,19661,146,561
virginiabeach_virginia_Population2000,343214: Derek.cashman,425257,281,488
virginiabeach_virginia_Population2000,1432370: Kablammo,425257,281,340
virginiabeach_virginia_Population2000,194622: Ryoung122,438619,281,392
saultste.marie_michigan_Population2000,0 (69.208.247.59),16542,238,188
saultste.marie_michigan_Population2000,0 (204.14.226.9),12654542,238,54
saultste.marie_michigan_Population2000,1452191: Blah3,16542,238,341
saultste.marie_michigan_Population2000,0 (207.75.210.192),2,238,66
saultste.marie_michigan_Population2000,44062: Bkonrad,16542,238,524
saultste.marie_michigan_Population2000,146291: Oilers 5,14318,238,343
sterling_kansas_Population2000,5512121: CapitalBot,2642,258,561
sterling_kansas_Population2000,0 (24.248.196.119),10026,258,106
sterling_kansas_Population2000,1872638: Karlhahn,2642,258,382
sterling_kansas_Population2000,4928500: ClueBot,2642,258,548
sterling_kansas_Population2000,171365: MONGO,2642,258,368
lamirada_california_Population2000,36345: Rmannion,46783,128,499
lamirada_california_Population2000,337761: Seeninator,50093,128,486
northwilkesboro_northcarolina_Population2000,5512121: CapitalBot,4116,186,561
northwilkesboro_northcarolina_Population2000,0 (70.145.229.162),5116,186,196
northwilkesboro_northcarolina_Population2000,3614334: BobTheTomato,4116,186,497
roxboro_northcarolina_Population2000,5512121: CapitalBot,8696,224,561
roxboro_northcarolina_Population2000,0 (69.68.65.58),8755,224,194
fortbranch_indiana_Population2000,620554: Harpchad,2320,84,590
fortbranch_indiana_Population2000,5512121: CapitalBot,2320,84,561
fortbranch_indiana_Population2000,0 (74.137.212.50),5120,84,248
fortbranch_indiana_Population2000,840224: Omnedon,2320,84,624
paducah_texas_Population2000,5512121: CapitalBot,1498,194,561
paducah_texas_Population2000,0 (76.76.239.2),1497,194,282
lacrosse_wisconsin_Population2000,1642389: MJHankel,51818,124,358
lacrosse_wisconsin_Population2000,2594650: Loggerfan04,53818,124,432
lacrosse_wisconsin_Population2000,1626445: Sleepycat5,51818,124,354
lacrosse_wisconsin_Population2000,4244211: Mbchlg414,51818,124,517
atlanta_georgia_Population2005,1025703: Onyourside,470688,9,292
atlanta_georgia_Population2005,1804716: GGreeneVa,470688,9,376
atlanta_georgia_Population2005,194622: Ryoung122,483108,9,392
littlerock_arkansas_Population2000,620554: Harpchad,183133,139,590
littlerock_arkansas_Population2000,0 (64.66.106.114),14,139,125
littlerock_arkansas_Population2000,0 (64.12.116.8),183833,139,122
bountiful_utah_Population2000,18242: Val42,41301,27,378
bountiful_utah_Population2000,0 (207.155.179.105),100000,27,61
bountiful_utah_Population2000,1872141: Canjth,41301,27,381
sixmile_southcarolina_Population2000,5512121: CapitalBot,553,246,561
sixmile_southcarolina_Population2000,0 (74.226.202.234),70000,246,252
gilroy_california_Population2000,201007: Will74205,41464,91,400
gilroy_california_Population2000,0 (75.49.46.137),48464,91,266
edinburg_texas_Population2000,5512121: CapitalBot,48465,68,561
edinburg_texas_Population2000,0 (76.211.214.47),64465,68,276
denton_kansas_Population2000,5512121: CapitalBot,186,60,561
denton_kansas_Population2000,0 (67.11.189.230),2,60,149
denton_kansas_Population2000,4928500: ClueBot,186,60,548
st.louis_missouri_Population2005,343214: Derek.cashman,350705,255,488
st.louis_missouri_Population2005,0 (69.153.247.36),390705,255,183
st.louis_missouri_Population2005,722151: Where,350705,255,608
st.louis_missouri_Population2005,0 (70.241.195.249),1350705,255,205
st.louis_missouri_Population2005,57658: Antandrus,350705,255,569
st.louis_missouri_Population2005,487916: Ajwebb,344362,255,542
st.louis_missouri_Population2005,0 (208.190.211.252),352572,255,70
st.louis_missouri_Population2005,739809: Gamer83,352572,255,611
anaheim_california_Population2000,1722939: 055203,328014,3,369
anaheim_california_Population2000,286968: Epolk,342410,3,453
squawlake_minnesota_Population2000,5512121: CapitalBot,99,252,561
squawlake_minnesota_Population2000,0 (209.81.117.50),1015,252,81
squawlake_minnesota_Population2000,3573589: Wenli,99,252,495
beverly_massachusetts_Population2000,681072: Jared,39862,20,600
beverly_massachusetts_Population2000,5512121: CapitalBot,39862,20,561
beverly_massachusetts_Population2000,0 (149.76.162.121),398628,20,30
eauclaire_wisconsin_Population2000,3120106: Andymarek,61704,67,468
eauclaire_wisconsin_Population2000,0 (160.32.2.1),100000000000,67,36
eauclaire_wisconsin_Population2000,3093489: Butwhatdoiknow,61704,67,466
calera_alabama_Population2000,4373711: ArkyBot,3158,34,522
calera_alabama_Population2000,0 (69.19.14.34),8329,34,185
calera_alabama_Population2000,98265: Uapyro,3158,34,640
calera_alabama_Population2000,988917: CapitalR,3158,34,642
calera_alabama_Population2000,0 (207.157.116.130),8329,34,62
lafayette_indiana_Population2000,1420827: Nowimnthing,56397,125,336
lafayette_indiana_Population2000,0 (74.140.111.9),235235322642,125,249
lafayette_indiana_Population2000,118414: WideArc,56397,125,310
holgate_ohio_Population2000,5512121: CapitalBot,1194,102,561
holgate_ohio_Population2000,6059350: Marlowwilliams,87879,102,587
holgate_ohio_Population2000,698854: Lcarscad,1194,102,604
cleveland_ohio_Population2000,81676: Beirne,478403,45,620
cleveland_ohio_Population2000,94900: EurekaLott,478403,45,635
cleveland_ohio_Population2000,627347: MJCdetroit,478403,45,593
cleveland_ohio_Population2000,0 (75.179.37.144),444323,45,260
cleveland_ohio_Population2000,1960810: Nyttend,478403,45,395
cleveland_ohio_Population2000,0 (130.13.0.12),372628,45,17
cleveland_ohio_Population2000,1948715: Confiteordeo,478403,45,393
cleveland_ohio_Population2000,0 (71.17.156.29),478404,45,216
davenport_iowa_Population2000,28269: Iowahwyman,98359,56,449
davenport_iowa_Population2000,0 (12.216.93.178),98845,56,5
cambridge_massachusetts_Population2000,744515: Superdosh,101355,35,612
cambridge_massachusetts_Population2000,988917: CapitalR,101354,35,642
cambridge_massachusetts_Population2000,5512121: CapitalBot,101354,35,561
minneapolis_minnesota_Population2000,343214: Derek.cashman,382618,162,488
minneapolis_minnesota_Population2000,0 (12.215.129.86),182618,162,3
minneapolis_minnesota_Population2000,199404: Rx StrangeLove,382618,162,398
brownsville_texas_Population2000,0 (189.158.56.6),139722,31,45
brownsville_texas_Population2000,5512121: CapitalBot,139722,31,561
brownsville_texas_Population2000,764407: Kuru,139722,31,617
brownsville_texas_Population2000,0 (76.228.54.233),578922,31,280
brownsville_texas_Population2000,1960810: Nyttend,139722,31,395
irving_texas_Population2000,201957: Casey Abell,191615,113,402
irving_texas_Population2000,5512121: CapitalBot,191615,113,561
irving_texas_Population2000,0 (204.214.145.6),201927,113,56
springfield_massachusetts_Population2000,201610: Pentawing,152082,251,401
springfield_massachusetts_Population2000,0 (66.103.10.21),154082,251,134
springfield_massachusetts_Population2000,5512121: CapitalBot,154082,251,561
ettrick_wisconsin_Population2000,5512121: CapitalBot,1284,73,561
ettrick_wisconsin_Population2000,1960810: Nyttend,521,73,395
canton_texas_Population2000,5512121: CapitalBot,3292,37,561
canton_texas_Population2000,0 (72.171.0.141),5100,37,236
st.louis_missouri_Population2006,0 (70.240.132.118),405000,256,204
st.louis_missouri_Population2006,0 (69.152.91.213),973124,256,182
st.louis_missouri_Population2006,0 (12.213.80.36),15867192,256,2
st.louis_missouri_Population2006,0 (70.230.191.226),352572,256,201
st.louis_missouri_Population2006,0 (205.245.14.162),3525720,256,58
st.louis_missouri_Population2006,0 (69.151.14.185),353837,256,181
st.louis_missouri_Population2006,0 (75.105.182.159),354837,256,257
st.louis_missouri_Population2006,58319: Paedia,353837,256,575
st.louis_missouri_Population2006,3112254: Katydidit,353837,256,467
st.louis_missouri_Population2006,4373711: ArkyBot,353837,256,522
meridian_mississippi_Population2000,104574: ArkansasTraveler,39968,155,295
meridian_mississippi_Population2000,0 (66.140.36.82),639968,155,136
meridian_mississippi_Population2000,5451838: F-402,39968,155,557
meridian_mississippi_Population2000,5512121: CapitalBot,39968,155,561
jeffersoncity_missouri_Population2000,620554: Harpchad,39636,118,590
jeffersoncity_missouri_Population2000,0 (12.207.167.188),50425,118,1
jeffersoncity_missouri_Population2000,2020595: Grey Wanderer,39636,118,403
jeffersoncity_missouri_Population2000,345020: Malepheasant,39636,118,490
nacogdoches_texas_Population2000,5512121: CapitalBot,29914,176,561
nacogdoches_texas_Population2000,0 (74.196.109.99),31921,176,251
forestville_wisconsin_Population2000,5512121: CapitalBot,1086,83,561
forestville_wisconsin_Population2000,1960810: Nyttend,429,83,395
saline_michigan_Population2000,5512121: CapitalBot,8034,230,561
saline_michigan_Population2000,0 (71.97.178.229),6034,230,228
lincolnpark_michigan_Population2000,107782: Arkyan,44008,137,299
lincolnpark_michigan_Population2000,835: Rmhermen,40008,137,623
lincolnpark_michigan_Population2000,5512121: CapitalBot,40008,137,561
eggharbor_wisconsin_Population2000,5512121: CapitalBot,1194,69,561
eggharbor_wisconsin_Population2000,1960810: Nyttend,250,69,395
crawfordsville_indiana_Population2000,620554: Harpchad,15243,51,590
crawfordsville_indiana_Population2000,0 (165.139.228.115),18000000,51,38
crawfordsville_indiana_Population2000,2300502: R'n'B,15243,51,418
crawfordsville_indiana_Population2000,586015: Huwmanbeing,15243,51,577
crawfordsville_indiana_Population2000,5512121: CapitalBot,15243,51,561
madison_wisconsin_Population2000,136748: Dhartung,208054,141,329
madison_wisconsin_Population2000,1970499: Diamonte,221551,141,396
madison_wisconsin_Population2000,1008507: Coffeezombie,221551,141,290
madison_wisconsin_Population2000,0 (71.82.221.183),208054,141,225
compton_california_Population2000,541143: Postoak,93493,47,555
compton_california_Population2000,0 (68.150.130.112),10000,47,161
compton_california_Population2000,276448: Jlittlet,93493,47,443
compton_california_Population2000,5512121: CapitalBot,93493,47,561
compton_california_Population2000,0 (68.197.243.219),123493,47,166
compton_california_Population2000,44750: Alison,93493,47,533
medfield_massachusetts_Population2000,3312514: Dalmatian Mommy,12273,151,480
medfield_massachusetts_Population2000,4886531: Westroxburyfool,13002,151,546
medfield_massachusetts_Population2000,88149: ESkog,12273,151,629
medfield_massachusetts_Population2000,5512121: CapitalBot,13002,151,561
medfield_massachusetts_Population2000,0 (66.30.185.73),13005,151,142
summerville_southcarolina_Population2000,5512121: CapitalBot,27752,262,561
summerville_southcarolina_Population2000,0 (24.214.90.66),42000,262,103
murrieta_california_Population2000,4373711: ArkyBot,44282,173,522
murrieta_california_Population2000,0 (72.87.177.251),97257,173,245
wenatchee_washington_Population2000,5823: Lennon,27856,287,573
wenatchee_washington_Population2000,0 (4.242.108.25),35437,287,114
wenatchee_washington_Population2000,5512121: CapitalBot,35437,287,561
winslow_maine_Population2000,1878530: Lt1,7743,295,383
winslow_maine_Population2000,5512121: CapitalBot,7743,295,561
winslow_maine_Population2000,5697104: Winslowgurl713,1200,295,566
winslow_maine_Population2000,2530149: Acalamari,7743,295,429
lebanon_virginia_Population2000,302756: Mbr7975,3273,133,463
lebanon_virginia_Population2000,4860680: Willisilly,9785,133,541
lebanon_virginia_Population2000,1879566: Bongwarrior,3273,133,384
lebanon_virginia_Population2000,5512121: CapitalBot,3273,133,561
fredericksburg_virginia_Population2000,627347: MJCdetroit,19279,87,593
fredericksburg_virginia_Population2000,0 (71.161.49.232),6,87,215
fredericksburg_virginia_Population2000,275971: Kafziel,19279,87,442
fredericksburg_virginia_Population2000,5512121: CapitalBot,19279,87,561
moseslake_washington_Population2000,5512121: CapitalBot,14953,169,561
moseslake_washington_Population2000,705172: Sethwoodworth,16000,169,606
moseslake_washington_Population2000,1712183: Kitia,14953,169,367
woodbury_minnesota_Population2000,1910434: Appraiser,46463,298,387
woodbury_minnesota_Population2000,5512121: CapitalBot,46463,298,561
woodbury_minnesota_Population2000,0 (76.17.201.227),57730,298,271
arp_texas_Population2000,5512121: CapitalBot,901,7,561
arp_texas_Population2000,0 (74.196.109.99),1040,7,251
dekalb_illinois_Population2000,1784972: Emax0,39018,59,374
dekalb_illinois_Population2000,1678199: Fred1,52899,59,362
dekalb_illinois_Population2000,511164: Polaron,39018,59,550
dekalb_illinois_Population2000,5478189: Detroiterbot,39018,59,559
tupelo_mississippi_Population2000,104574: ArkansasTraveler,34211,272,295
tupelo_mississippi_Population2000,0 (74.227.33.192),35611,272,253
tupelo_mississippi_Population2000,0 (72.147.247.16),35930,272,232
tupelo_mississippi_Population2000,0 (216.79.147.254),36000,272,91
tupelo_mississippi_Population2000,0 (76.22.128.8),35930,272,278
tupelo_mississippi_Population2000,5512121: CapitalBot,35930,272,561
tupelo_mississippi_Population2000,0 (76.22.133.58),41280,272,279
tupelo_mississippi_Population2000,393711: Tyrenius,41280,272,508
gary_indiana_Population2000,620554: Harpchad,102746,90,590
gary_indiana_Population2000,2278184: El diablo21,0,90,416
gary_indiana_Population2000,509520: Betacommand,102746,90,549
gary_indiana_Population2000,5512121: CapitalBot,102746,90,561
carsoncity_nevada_Population2000,919557: Jnk,52457,38,631
carsoncity_nevada_Population2000,663372: Ermacrules29,57104,38,598
williamsburg_virginia_Population2000,343214: Derek.cashman,11998,289,488
williamsburg_virginia_Population2000,0 (72.67.138.76),10000,289,241
williamsburg_virginia_Population2000,37169: Vaoverland,11998,289,504
williamsburg_virginia_Population2000,5512121: CapitalBot,11998,289,561
hootowl_oklahoma_Population2000,5512121: CapitalBot,0,105,561
hootowl_oklahoma_Population2000,0 (67.166.7.5),10,105,151
rupert_idaho_Population2000,5512121: CapitalBot,5645,225,561
rupert_idaho_Population2000,4373711: ArkyBot,144,225,522
rupert_idaho_Population2000,107782: Arkyan,5645,225,299
madison_mississippi_Population2000,5512121: CapitalBot,14692,140,561
madison_mississippi_Population2000,5814735: SuzannaLeslie,16930,140,572
fortmill_southcarolina_Population2000,5512121: CapitalBot,7587,86,561
fortmill_southcarolina_Population2000,0 (208.104.75.9),9075879,86,67
fortmill_southcarolina_Population2000,152892: RyanGerbil10,7587,86,346
muncie_indiana_Population2000,620554: Harpchad,67430,172,590
muncie_indiana_Population2000,0 (68.51.94.58),65287,172,170
muncie_indiana_Population2000,5512121: CapitalBot,65287,172,561
vincent_iowa_Population2000,5512121: CapitalBot,158,280,561
vincent_iowa_Population2000,0 (80.89.82.11),15800,280,283
vincent_iowa_Population2000,622881: Onorem,158,280,591
fairbury_nebraska_Population2000,5512121: CapitalBot,4262,75,561
fairbury_nebraska_Population2000,5825988: Gapparyno,4169262,75,574
darmstadt_indiana_Population2000,620554: Harpchad,1313,55,590
darmstadt_indiana_Population2000,0 (74.137.182.86),4313,55,246
darmstadt_indiana_Population2000,5512121: CapitalBot,4313,55,561
granby_massachusetts_Population2000,988917: CapitalR,2612,94,642
granby_massachusetts_Population2000,696833: Polymath69,6132,94,603
granby_massachusetts_Population2000,5512121: CapitalBot,6132,94,561
eaglepoint_oregon_Population2000,249030: Ajbenj,4797,66,426
eaglepoint_oregon_Population2000,0 (24.216.247.10),7000,66,104
eaglepoint_oregon_Population2000,759211: Katr67,4797,66,616
eaglepoint_oregon_Population2000,0 (4.90.7.211),7797,66,115
eaglepoint_oregon_Population2000,2927809: Sallaraine,7213,66,460
eaglepoint_oregon_Population2000,5512121: CapitalBot,4797,66,561
ontario_california_Population2000,328895: Rockero,158007,191,478
ontario_california_Population2000,5512121: CapitalBot,170373,191,561
winterpark_colorado_Population2000,600657: Stanthejeep,662,297,582
winterpark_colorado_Population2000,0 (69.15.102.132),65,297,180
jessup_pennsylvania_Population2000,606607: Cantalamessa,4818,119,588
jessup_pennsylvania_Population2000,344062: Dddstone,4718,119,489
jessup_pennsylvania_Population2000,627347: MJCdetroit,4718,119,593
jefferson_iowa_Population2000,5512121: CapitalBot,4626,117,561
jefferson_iowa_Population2000,0 (208.126.19.181),10000,117,69
jefferson_iowa_Population2000,5713884: Hesar,4626,117,567
jefferson_iowa_Population2000,0 (167.142.154.27),128246,117,40
jefferson_iowa_Population2000,1960810: Nyttend,4626,117,395
jefferson_iowa_Population2000,0 (208.126.17.110),3,117,68
berkeleyheights_newjersey_Population2000,5512121: CapitalBot,39991,17,561
berkeleyheights_newjersey_Population2000,859568: NcSchu,13407,17,627
st.marys_ohio_Population2000,2207060: C187,29636,257,412
st.marys_ohio_Population2000,191095: Prinzwilhelm,8342,257,388
st.marys_ohio_Population2000,0 (65.123.80.33),12932,257,127
st.marys_ohio_Population2000,5512121: CapitalBot,8342,257,561
pleasanton_california_Population2000,702573: Seven Days,63654,205,605
pleasanton_california_Population2000,1129062: Dbzsamuele,74000,205,306
pleasanton_california_Population2000,1611304: Czj,63654,205,351
sanjuancapistrano_california_Population2000,702573: Seven Days,33826,235,605
sanjuancapistrano_california_Population2000,0 (66.74.28.220),4365768990,235,146
sanjuancapistrano_california_Population2000,"603177: Can't sleep, clown will eat me",33826,235,584
sanjuancapistrano_california_Population2000,5512121: CapitalBot,33826,235,561
savage_minnesota_Population2000,1396565: RyguyMN,21115,239,334
savage_minnesota_Population2000,5512121: CapitalBot,21115,239,561
savage_minnesota_Population2000,298922: Davumaya,25065,239,462
augusta_maine_Population2000,201610: Pentawing,18560,10,401
augusta_maine_Population2000,0 (72.73.85.108),24260,10,243
augusta_maine_Population2000,5512121: CapitalBot,24260,10,561
sartell_minnesota_Population2000,298920: Daveswagon,9641,237,461
sartell_minnesota_Population2000,4268901: Who3,0,237,518
sartell_minnesota_Population2000,241822: Gurch,9641,237,423
sartell_minnesota_Population2000,5512121: CapitalBot,9641,237,561
roswell_georgia_Population2000,972287: Roswell native,85044,222,638
reedley_california_Population2000,4373711: ArkyBot,20756,214,522
reedley_california_Population2000,0 (71.243.192.111),22859,214,220
reedley_california_Population2000,0 (71.243.200.24),24909,214,221
peterborough_newhampshire_Population2000,16168: SatyrTN,5883,201,352
peterborough_newhampshire_Population2000,0 (75.67.236.186),67893,201,267
peterborough_newhampshire_Population2000,5512121: CapitalBot,5883,201,561
cincinnati_ohio_Population2005,127255: Bigcheesebebbs,306382,42,318
cincinnati_ohio_Population2005,0 (66.238.151.200),308728,42,139
cincinnati_ohio_Population2005,1077355: Tpetross,331310,42,298
cincinnati_ohio_Population2005,0 (65.27.181.168),368868,42,131
cincinnati_ohio_Population2005,4507892: Cathair,308728,42,534
cincinnati_ohio_Population2005,1387875: Seicer,368868,42,333
cincinnati_ohio_Population2005,0 (66.117.238.156),332252,42,135
cincinnati_ohio_Population2005,750912: Paultyng,368868,42,613
flint_michigan_Population2000,201610: Pentawing,124943,80,401
flint_michigan_Population2000,551240: Blueskiesfalling,118551,80,562
flint_michigan_Population2000,2783292: Spshu,124943,80,445
flint_michigan_Population2000,0 (38.197.36.12),124943,80,113
ellsworth_wisconsin_Population2000,755125: Brandon Simonson,2909,70,615
ellsworth_wisconsin_Population2000,2309292: Bartowcounty11,3193,70,420
ellsworth_wisconsin_Population2000,5512121: CapitalBot,3193,70,561
saginaw_michigan_Population2000,276590: Un sogno modesto,61799,228,444
saginaw_michigan_Population2000,0 (68.61.179.118),61800,228,173
saginaw_michigan_Population2000,1314539: CrazyElk,61799,228,323
saginaw_michigan_Population2000,5512121: CapitalBot,61799,228,561
racine_wisconsin_Population2000,137600: BaronLarf,81855,211,330
racine_wisconsin_Population2000,0 (24.209.169.65),8001855,211,102
racine_wisconsin_Population2000,0 (72.131.12.98),81855,211,230
huntington_newyork_Population2000,0 (24.46.104.73),292648,108,110
huntington_newyork_Population2000,3371519: The Ed Master 10,195289,108,485
huntington_newyork_Population2000,5512121: CapitalBot,195289,108,561
torrance_california_Population2000,63286: Bumm13,0,269,595
torrance_california_Population2000,347689: Engineer Bob,137946,269,491
torrance_california_Population2000,5512121: CapitalBot,137946,269,561
bigstonegap_virginia_Population2000,302756: Mbr7975,4856,21,463
bigstonegap_virginia_Population2000,5512121: CapitalBot,4856,21,561
bigstonegap_virginia_Population2000,2918459: ElCartero,5906,21,457
bigstonegap_virginia_Population2000,339240: Takeel,4856,21,487
wilmington_northcarolina_Population2000,5512121: CapitalBot,75838,292,561
wilmington_northcarolina_Population2000,4315335: Macpops,100000,292,519
mountcarroll_illinois_Population2000,410868: Kranar drogin,1832,171,513
mountcarroll_illinois_Population2000,2309292: Bartowcounty11,1704,171,420
cornelius_oregon_Population2000,249030: Ajbenj,9652,50,426
cornelius_oregon_Population2000,0 (67.189.99.161),10150,50,156
converse_indiana_Population2000,620554: Harpchad,1137,49,590
converse_indiana_Population2000,5512121: CapitalBot,1137,49,561
converse_indiana_Population2000,5786424: Footballer101,1244,49,571
sheboyganfalls_wisconsin_Population2000,3619587: Greatryry,67728,244,498
sheboyganfalls_wisconsin_Population2000,5478189: Detroiterbot,6772,244,559
lakeforest_california_Population2000,702573: Seven Days,58707,126,605
lakeforest_california_Population2000,0 (68.121.244.83),1000707,126,160
lakeforest_california_Population2000,266416: Gwernol,58707,126,439
johnday_oregon_Population2000,249030: Ajbenj,1821,120,426
johnday_oregon_Population2000,5512121: CapitalBot,1821,120,561
johnday_oregon_Population2000,0 (70.103.54.101),1987650,120,195
forestgrove_oregon_Population2000,249030: Ajbenj,17708,82,426
forestgrove_oregon_Population2000,2602832: Aboutmovies,20380,82,434
tallahassee_florida_Population2000,343214: Derek.cashman,150624,265,488
tallahassee_florida_Population2000,0 (70.41.47.45),150,265,206
tallahassee_florida_Population2000,124371: Keenan Pepper,150624,265,314
smithvillage_oklahoma_Population2000,5512121: CapitalBot,40,248,561
smithvillage_oklahoma_Population2000,0 (142.151.138.102),40000,248,27
yarmouth_massachusetts_Population2000,988917: CapitalR,24807,299,642
yarmouth_massachusetts_Population2000,0 (71.124.216.154),1,299,211
yarmouth_massachusetts_Population2000,4131122: Caltas,24807,299,514
yarmouth_massachusetts_Population2000,5512121: CapitalBot,24807,299,561
billings_montana_Population2000,0 (69.145.73.214),96977,22,178
billings_montana_Population2000,919557: Jnk,89847,22,631
seabrook_newhampshire_Population2000,1124563: Drinibot,7934,242,303
seabrook_newhampshire_Population2000,3089883: Felch78,8038,242,464
seabrook_newhampshire_Population2000,16168: SatyrTN,7979,242,352
seabrook_newhampshire_Population2000,5512121: CapitalBot,7979,242,561
hamptonfalls_newhampshire_Population2000,16168: SatyrTN,1880,98,352
hamptonfalls_newhampshire_Population2000,754484: Icelandic Hurricane,1890,98,614
hamptonfalls_newhampshire_Population2000,5512121: CapitalBot,1890,98,561
forestacres_southcarolina_Population2000,1011141: Jonathanjohnson,10558,81,291
forestacres_southcarolina_Population2000,0 (68.154.148.150),10908,81,162
forestacres_southcarolina_Population2000,5512121: CapitalBot,10908,81,561
holland_michigan_Population2000,0 (24.236.196.121),35248,103,105
holland_michigan_Population2000,5512121: CapitalBot,35048,103,561
indianapolis_indiana_Population2000,321035: Marvin01,791926,111,473
indianapolis_indiana_Population2000,0 (192.200.129.157),781926,111,46
indianapolis_indiana_Population2000,0 (71.141.132.115),791926,111,212
indianapolis_indiana_Population2000,0 (76.214.106.189),781870,111,277
indianapolis_indiana_Population2000,0 (71.141.135.88),791926,111,213
indianapolis_indiana_Population2000,0 (68.78.15.99),987785,111,174
indianapolis_indiana_Population2000,1940813: Kangaroo1,791926,111,389
indianapolis_indiana_Population2000,3355975: Partyboi59,791555,111,484
indianapolis_indiana_Population2000,145784: Cmprince,791926,111,342
indianapolis_indiana_Population2000,0 (68.57.218.90),3677239,111,172
indianapolis_indiana_Population2000,441605: Gruber76,791926,111,526
indianapolis_indiana_Population2000,3939287: TheHoosierState89,822926,111,509
indianapolis_indiana_Population2000,51464: Golbez,791926,111,551
wakefield_kansas_Population2000,5512121: CapitalBot,838,282,561
wakefield_kansas_Population2000,0 (75.142.10.147),38,282,259
wakefield_kansas_Population2000,4928500: ClueBot,838,282,548
whiteplains_newyork_Population2000,1603415: Maturelife1,53007,288,350
whiteplains_newyork_Population2000,0 (24.149.187.109),4,288,98
whiteplains_newyork_Population2000,0 (68.34.159.178),53077,288,168
whiteplains_newyork_Population2000,5512121: CapitalBot,53077,288,561
smithfield_northcarolina_Population2000,5512121: CapitalBot,11510,247,561
smithfield_northcarolina_Population2000,0 (75.200.175.14),22,247,262
smithfield_northcarolina_Population2000,1636730: Utilaa,11510,247,356
smithfield_northcarolina_Population2000,4928500: ClueBot,22,247,548
smithfield_northcarolina_Population2000,0 (71.70.197.27),12271,247,224
newark_newjersey_Population2000,0 (68.39.174.238),280451,178,169
newark_newjersey_Population2000,0 (68.175.76.10),272885,178,165
newark_newjersey_Population2000,3887632: InSpEcTaDeT,281402,178,505
muskogee_oklahoma_Population2000,1380430: Rougher07,38310,175,332
muskogee_oklahoma_Population2000,4067594: Cheeseifyer,383100,175,512
muskogee_oklahoma_Population2000,309299: Cquan,38310,175,465
muskogee_oklahoma_Population2000,5512121: CapitalBot,38310,175,561
malin_oregon_Population2000,249030: Ajbenj,638,142,426
malin_oregon_Population2000,0 (140.211.130.60),638000,142,24
malin_oregon_Population2000,759211: Katr67,638,142,616
malin_oregon_Population2000,5512121: CapitalBot,638,142,561
threeoaks_michigan_Population2000,5512121: CapitalBot,1829,268,561
threeoaks_michigan_Population2000,0 (76.235.199.214),16,268,281
threeoaks_michigan_Population2000,451766: Prodego,1829,268,535
orangecity_iowa_Population2000,5512121: CapitalBot,5582,193,561
orangecity_iowa_Population2000,0 (66.172.193.225),115998,193,138
orangecity_iowa_Population2000,1960810: Nyttend,5582,193,395
baltimore_maryland_Population2006,487916: Ajwebb,631366,12,542
baltimore_maryland_Population2006,1291979: Strongbad1982,640961,12,322
baltimore_maryland_Population2006,5512121: CapitalBot,640961,12,561
terrehaute_indiana_Population2000,475776: Westsidepb,60614,267,538
terrehaute_indiana_Population2000,0 (68.160.37.126),59614,267,163
terrehaute_indiana_Population2000,5512121: CapitalBot,59614,267,561
pampa_texas_Population2000,5512121: CapitalBot,17887,195,561
pampa_texas_Population2000,0 (70.234.161.22),9,195,203
minidoka_idaho_Population2000,5512121: CapitalBot,129,161,561
minidoka_idaho_Population2000,4373711: ArkyBot,144,161,522
minidoka_idaho_Population2000,107782: Arkyan,129,161,299
dayton_oregon_Population2000,249030: Ajbenj,2119,57,426
dayton_oregon_Population2000,0 (71.111.121.145),2230,57,209
newberlin_wisconsin_Population2000,919557: Jnk,38220,179,631
newberlin_wisconsin_Population2000,5512121: CapitalBot,38220,179,561
newberlin_wisconsin_Population2000,0 (65.31.99.234),382200,179,132
urbana_illinois_Population2000,457618: J-beda,36395,273,536
urbana_illinois_Population2000,0 (209.175.177.100),37362,273,73
littlechute_wisconsin_Population2000,5512121: CapitalBot,10476,138,561
littlechute_wisconsin_Population2000,1074454: Andymmmkay,10965,138,297
blissfield_michigan_Population2000,5512121: CapitalBot,3223,24,561
blissfield_michigan_Population2000,0 (72.240.127.42),3224,24,240
fremont_california_Population2000,702573: Seven Days,203413,88,605
fremont_california_Population2000,0 (67.188.123.40),243414,88,154
albion_idaho_Population2000,5512121: CapitalBot,262,1,561
albion_idaho_Population2000,4373711: ArkyBot,144,1,522
albion_idaho_Population2000,107782: Arkyan,262,1,299
portland_oregon_Population2000,343214: Derek.cashman,538544,210,488
milwaukee_wisconsin_Population2006,5512121: CapitalBot,573378,159,561
milwaukee_wisconsin_Population2006,0 (72.131.31.222),602782,159,231
gallup_newmexico_Population2000,2272461: Rodan44,20209,89,415
gallup_newmexico_Population2000,0 (154.5.210.229),6001432987,89,34
gallup_newmexico_Population2000,2278355: Keith D,20209,89,417
gallup_newmexico_Population2000,0 (67.129.65.64),100000,89,150
gallup_newmexico_Population2000,3128017: Vincent Lextrait,20209,89,469
gallup_newmexico_Population2000,5512121: CapitalBot,20209,89,561
perryton_texas_Population2000,5512121: CapitalBot,7774,200,561
perryton_texas_Population2000,0 (69.62.64.36),45,200,193
perryton_texas_Population2000,5318505: Harland1,7774,200,554
paul_idaho_Population2000,5512121: CapitalBot,998,196,561
paul_idaho_Population2000,4373711: ArkyBot,144,196,522
paul_idaho_Population2000,107782: Arkyan,998,196,299
lincoln_nebraska_Population2000,89326: Swid,225581,136,630
lincoln_nebraska_Population2000,3250936: Miranda,225581,136,476
lincoln_nebraska_Population2000,0 (130.13.0.68),241167,136,18
lincoln_nebraska_Population2000,3315180: Someguy1221,225581,136,481
lincoln_nebraska_Population2000,0 (70.176.187.166),241167,136,199
monterey_california_Population2000,626141: Jaybeatle,29674,167,592
monterey_california_Population2000,0 (216.152.169.202),29675,167,85
monterey_california_Population2000,59118: Quarl,30641,167,579
jasper_indiana_Population2000,620554: Harpchad,12100,116,590
jasper_indiana_Population2000,0 (66.244.123.100),13100,116,140
jasper_indiana_Population2000,2506263: Vikipedialot,12100,116,427
jasper_indiana_Population2000,5512121: CapitalBot,12100,116,561
sherwood_oregon_Population2000,249030: Ajbenj,11791,245,426
sacramento_california_Population2000,182902: Zzyzx11,407018,227,379
sacramento_california_Population2000,488054: Pinoy916,460000,227,544
arkadelphia_arkansas_Population2000,5512121: CapitalBot,10912,6,561
arkadelphia_arkansas_Population2000,5434261: Thecoolestdudesever,12412,6,556
arkadelphia_arkansas_Population2000,2670733: Knight of BAAWA,10912,6,441
minnetonka_minnesota_Population2000,627347: MJCdetroit,51301,163,593
minnetonka_minnesota_Population2000,1910434: Appraiser,51480,163,387
minnetonka_minnesota_Population2000,5512121: CapitalBot,51301,163,561
bargersville_indiana_Population2000,620554: Harpchad,2120,13,590
bargersville_indiana_Population2000,0 (75.46.65.4),2890,13,265
bargersville_indiana_Population2000,5512121: CapitalBot,2890,13,561
santamonica_california_Population2000,276590: Un sogno modesto,84084,236,444
santamonica_california_Population2000,1649753: College Watch,95500,236,360
pelham_newhampshire_Population2000,16168: SatyrTN,10914,198,352
pelham_newhampshire_Population2000,0 (70.16.214.117),12310,198,197
pelham_newhampshire_Population2000,5512121: CapitalBot,10914,198,561
lansing_michigan_Population2000,201610: Pentawing,119128,130,401
lansing_michigan_Population2000,0 (69.222.54.35),455836,130,190
lansing_michigan_Population2000,0 (130.13.1.15),313390,130,19
lansing_michigan_Population2000,441605: Gruber76,119128,130,526
lansing_michigan_Population2000,5512121: CapitalBot,119128,130,561
allen_texas_Population2000,180524: Scm83x,43554,2,377
allen_texas_Population2000,0 (134.139.221.65),69891,2,20
allen_texas_Population2000,100156: Chfowler,43554,2,288
milwaukee_wisconsin_Population2000,292462: SoundGod3,596974,158,459
milwaukee_wisconsin_Population2000,0 (66.73.48.200),600974,158,145
milwaukee_wisconsin_Population2000,108312: Schwnj,596974,158,300
mauston_wisconsin_Population2000,5512121: CapitalBot,3740,150,561
mauston_wisconsin_Population2000,3225727: Jamesbuddy63,4253,150,474
mauston_wisconsin_Population2000,668422: RFD,3740,150,599
bern_kansas_Population2000,5512121: CapitalBot,204,18,561
bern_kansas_Population2000,5549999: Haverjacob,20004,18,563
rochester_newyork_Population2000,201610: Pentawing,219773,218,401
rochester_newyork_Population2000,0 (69.205.118.70),21219773,218,186
rochester_newyork_Population2000,1224916: Bkessler23,219773,218,313
rochester_newyork_Population2000,0 (72.226.228.220),211091,218,238
rochester_newyork_Population2000,0 (130.13.1.15),207448,218,19
berkeley_california_Population2000,0 (70.231.151.134),102743,16,202
berkeley_california_Population2000,0 (207.69.137.24),99653,16,64
berkeley_california_Population2000,0 (71.141.229.224),102743,16,214
berkeley_california_Population2000,5512121: CapitalBot,102743,16,561
dundee_oregon_Population2000,249030: Ajbenj,2598,64,426
dundee_oregon_Population2000,2602832: Aboutmovies,3010,64,434
dundee_oregon_Population2000,5512121: CapitalBot,3010,64,561
fargo_northdakota_Population2000,685287: Grejlen,90599,78,601
fargo_northdakota_Population2000,4810809: Branden&papi,99966,78,540
fargo_northdakota_Population2000,345020: Malepheasant,90599,78,490
fargo_northdakota_Population2000,5512121: CapitalBot,90599,78,561
minerva_ohio_Population2000,5512121: CapitalBot,3934,160,561
minerva_ohio_Population2000,0 (75.187.182.98),35483,160,261
minerva_ohio_Population2000,4322743: Elcobbola,3934,160,520
holliston_massachusetts_Population2000,988917: CapitalR,13801,104,642
holliston_massachusetts_Population2000,0 (72.74.231.236),769409384,104,244
holliston_massachusetts_Population2000,44750: Alison,13801,104,533
holliston_massachusetts_Population2000,5512121: CapitalBot,13801,104,561
fairhaven_massachusetts_Population2000,988917: CapitalR,16159,77,642
fairhaven_massachusetts_Population2000,5512121: CapitalBot,16159,77,561
fairhaven_massachusetts_Population2000,0 (24.91.179.97),3,77,112
fairhaven_massachusetts_Population2000,1879647: VoABot II,16159,77,385
muskegon_michigan_Population2000,0 (216.109.207.62),197800,174,83
muskegon_michigan_Population2000,5512121: CapitalBot,40105,174,561
merced_california_Population2000,175037: Schzmo,63893,154,371
merced_california_Population2000,0 (69.226.109.63),63894,154,191
merced_california_Population2000,5512121: CapitalBot,63894,154,561
merced_california_Population2000,1598315: Edit Centric,63894,154,349
ronda_northcarolina_Population2000,5512121: CapitalBot,460,220,561
ronda_northcarolina_Population2000,0 (70.145.229.162),560,220,196
tellcity_indiana_Population2000,321035: Marvin01,7845,266,473
tellcity_indiana_Population2000,5512121: CapitalBot,7845,266,561
tellcity_indiana_Population2000,0 (216.49.115.23),5000,266,88
tellcity_indiana_Population2000,4928500: ClueBot,7845,266,548
claremont_california_Population2000,2423841: Kimho,33998,44,424
claremont_california_Population2000,0 (71.105.211.42),33999,44,208
mission_texas_Population2000,5512121: CapitalBot,45408,164,561
mission_texas_Population2000,0 (76.211.214.47),62408,164,276
greenfield_california_Population2000,4373711: ArkyBot,12583,97,522
greenfield_california_Population2000,0 (128.120.172.134),129150,97,9
greenfield_california_Population2000,5512121: CapitalBot,129150,97,561
desmoines_iowa_Population2000,343214: Derek.cashman,198682,61,488
desmoines_iowa_Population2000,0 (12.216.80.221),298682,61,4
dunstable_massachusetts_Population2000,988917: CapitalR,2829,65,642
dunstable_massachusetts_Population2000,5512121: CapitalBot,2829,65,561
dunstable_massachusetts_Population2000,0 (129.53.219.20),2826,65,15
grassvalley_oregon_Population2000,249030: Ajbenj,171,96,426
grassvalley_oregon_Population2000,0 (70.18.91.118),2,96,200
grassvalley_oregon_Population2000,0 (143.182.124.4),171,96,28
grassvalley_oregon_Population2000,5512121: CapitalBot,171,96,561
massillon_ohio_Population2000,5512121: CapitalBot,31325,148,561
massillon_ohio_Population2000,0 (24.140.101.198),69,148,96
massillon_ohio_Population2000,97951: Bobo192,31325,148,639
orangeburg_southcarolina_Population2000,1011141: Jonathanjohnson,12765,192,291
orangeburg_southcarolina_Population2000,0 (72.159.150.88),1000000,192,235
orangeburg_southcarolina_Population2000,112758: Cyrillic,12765,192,305
orangeburg_southcarolina_Population2000,5512121: CapitalBot,12765,192,561
iberia_missouri_Population2000,5512121: CapitalBot,605,109,561
iberia_missouri_Population2000,0 (207.160.141.93),6,109,63
barnstead_newhampshire_Population2000,16168: SatyrTN,3886,14,352
barnstead_newhampshire_Population2000,0 (65.175.131.28),5999,14,129
barnstead_newhampshire_Population2000,5512121: CapitalBot,3886,14,561
glensfalls_newyork_Population2000,31797: JB82,14354,92,472
glensfalls_newyork_Population2000,2641830: Satanlovesall,23,92,438
glensfalls_newyork_Population2000,16175: DJ Clayworth,14354,92,353
glensfalls_newyork_Population2000,5512121: CapitalBot,14354,92,561
southaven_mississippi_Population2000,2038467: Msrodgers81,34760,249,405
southaven_mississippi_Population2000,2073766: Lrgjr72,38840,249,408
grandprairie_texas_Population2000,230058: Therearenospoons,127427,95,419
grandprairie_texas_Population2000,5512121: CapitalBot,127427,95,561
grandprairie_texas_Population2000,0 (69.148.201.1),3,95,179
grandprairie_texas_Population2000,2608401: Big texas lump,127427,95,437
akron_ohio_Population2000,81676: Beirne,217074,0,620
akron_ohio_Population2000,0 (70.176.187.166),209704,0,199
akron_ohio_Population2000,2831561: OHWiki,217074,0,450
akron_ohio_Population2000,5512121: CapitalBot,217074,0,561
lewiston_maine_Population2000,201610: Pentawing,35690,134,401
lewiston_maine_Population2000,0 (169.244.70.147),954072,134,43
lewiston_maine_Population2000,2076003: Ripogenus77,35690,134,409
kutztown_pennsylvania_Population2000,0 (64.9.41.75),10347,123,126
kutztown_pennsylvania_Population2000,344062: Dddstone,5067,123,489
medford_oregon_Population2000,919557: Jnk,63154,152,631
medford_oregon_Population2000,1898760: Zippitydoodah143,132154,152,386
medford_oregon_Population2000,1353037: Omicronpersei8,63154,152,326
medford_oregon_Population2000,1351885: NMChico24,63154,152,325
nashua_newhampshire_Population2000,201610: Pentawing,86605,177,401
nashua_newhampshire_Population2000,0 (24.61.90.124),86604,177,111
nashua_newhampshire_Population2000,5512121: CapitalBot,86605,177,561
vincennes_indiana_Population2000,321035: Marvin01,18701,279,473
vincennes_indiana_Population2000,0 (209.222.131.36),400000,279,75
vincennes_indiana_Population2000,5512121: CapitalBot,18701,279,561
branson_missouri_Population2000,620554: Harpchad,6050,29,590
branson_missouri_Population2000,0 (204.184.215.250),4,29,55
branson_missouri_Population2000,2528240: Minderbinder,6050,29,428
branson_missouri_Population2000,5512121: CapitalBot,6050,29,561
zillah_washington_Population2000,2259147: Parodygm,2198,300,414
zillah_washington_Population2000,0 (169.204.84.133),2100100,300,42
zillah_washington_Population2000,0 (71.98.105.119),2198,300,229
zillah_washington_Population2000,5512121: CapitalBot,2198,300,561
concord_newhampshire_Population2000,201610: Pentawing,40687,48,401
concord_newhampshire_Population2000,0 (12.160.193.229),42970,48,0
concord_newhampshire_Population2000,16168: SatyrTN,40687,48,352
concord_newhampshire_Population2000,5512121: CapitalBot,40687,48,561
heyburn_idaho_Population2000,5512121: CapitalBot,2899,101,561
heyburn_idaho_Population2000,4373711: ArkyBot,144,101,522
heyburn_idaho_Population2000,107782: Arkyan,2899,101,299
boone_northcarolina_Population2000,5512121: CapitalBot,13472,25,561
boone_northcarolina_Population2000,0 (152.10.204.57),130472,25,32
boone_northcarolina_Population2000,3614334: BobTheTomato,13472,25,497
marblehead_massachusetts_Population2000,988917: CapitalR,20377,145,642
marblehead_massachusetts_Population2000,4450769: Mildredinhifi,3450000,145,532
marblehead_massachusetts_Population2000,1283289: Pascal.Tesson,20377,145,319
marblehead_massachusetts_Population2000,5512121: CapitalBot,20377,145,561
moundcity_kansas_Population2000,5512121: CapitalBot,821,170,561
moundcity_kansas_Population2000,0 (63.167.26.34),2,170,118
moundcity_kansas_Population2000,1960810: Nyttend,821,170,395
poospatuckreservation_newyork_Population2000,1072588: Americasroof,21,207,296
salina_kansas_Population2000,5512121: CapitalBot,45679,229,561
salina_kansas_Population2000,0 (63.245.159.134),93679,229,119
salina_kansas_Population2000,2854419: Snowfire51,45679,229,452
renton_washington_Population2000,168201: Admrboltz,50052,217,364
renton_washington_Population2000,5512121: CapitalBot,50052,217,561
renton_washington_Population2000,0 (24.19.192.210),78290,217,100
rusk_texas_Population2000,5512121: CapitalBot,5085,226,561
rusk_texas_Population2000,0 (74.196.109.99),5191,226,251
plano_texas_Population2000,180524: Scm83x,222030,204,377
plano_texas_Population2000,0 (71.96.153.200),222030000012,204,227
plano_texas_Population2000,1941369: SineWave,222030,204,390
plano_texas_Population2000,5512121: CapitalBot,222030,204,561
chattanooga_tennessee_Population2006,0 (70.176.187.166),155190,41,199
chattanooga_tennessee_Population2006,2043601: BillCJ,168293,41,406
burlington_wisconsin_Population2000,596812: Salmar,9963,33,581
burlington_wisconsin_Population2000,3893857: NoobOfWar,10002,33,506
manteca_california_Population2000,60132: Armaced,49258,144,583
manteca_california_Population2000,0 (67.181.7.85),49254,144,152
manteca_california_Population2000,82432: Discospinster,49258,144,621
modesto_california_Population2000,0 (66.90.244.107),188856,165,147
modesto_california_Population2000,4375567: Ssmodesto,207000,165,523
montgomery_alabama_Population2000,620554: Harpchad,201568,168,590
montgomery_alabama_Population2000,286968: Epolk,200127,168,453
dedham_massachusetts_Population2000,1035304: Briancua,23464,58,293
dedham_massachusetts_Population2000,988917: CapitalR,23225,58,642
dedham_massachusetts_Population2000,5512121: CapitalBot,23225,58,561
portland_maine_Population2000,201610: Pentawing,64250,209,401
portland_maine_Population2000,0 (24.39.51.197),64249,209,109
portland_maine_Population2000,0 (24.25.168.132),582249,209,107
portland_maine_Population2000,5512121: CapitalBot,64249,209,561
casper_wyoming_Population2000,4435640: Zverzver,90599,39,528
casper_wyoming_Population2000,5512121: CapitalBot,49644,39,561
lancaster_california_Population2000,368827: Mike Dillon,118718,129,502
lancaster_california_Population2000,0 (199.168.7.243),143818,129,49
lancaster_california_Population2000,5512121: CapitalBot,143818,129,561
troutdale_virginia_Population2000,5512121: CapitalBot,1230,271,561
troutdale_virginia_Population2000,2918459: ElCartero,194,271,457
hermosabeach_california_Population2000,36345: Rmannion,18566,100,499
hermosabeach_california_Population2000,0 (76.171.19.9),659705,100,272
hermosabeach_california_Population2000,100426: Smalljim,18566,100,289
hermosabeach_california_Population2000,5512121: CapitalBot,18566,100,561
shaniko_oregon_Population2000,249030: Ajbenj,26,243,426
shaniko_oregon_Population2000,0 (71.202.167.86),8,243,218
shaniko_oregon_Population2000,288266: ScottMainwaring,26,243,456
shaniko_oregon_Population2000,5512121: CapitalBot,26,243,561
willmar_minnesota_Population2000,5512121: CapitalBot,18351,290,561
willmar_minnesota_Population2000,0 (138.129.191.66),9418351,290,23
willmar_minnesota_Population2000,0 (128.118.53.12),18351,290,8
portjervis_newyork_Population2000,163732: Daniel Case,8860,208,357
portjervis_newyork_Population2000,0 (74.32.17.172),9000,208,254
portjervis_newyork_Population2000,5512121: CapitalBot,9000,208,561
rogers_arkansas_Population2000,620554: Harpchad,38829,219,590
rogers_arkansas_Population2000,0 (72.204.70.91),48453,219,237
rogers_arkansas_Population2000,5512121: CapitalBot,48453,219,561
ankeny_iowa_Population2000,240680: SportsMasterESPN,27117,4,422
ankeny_iowa_Population2000,0 (12.216.93.178),36161,4,5
stockholm_wisconsin_Population2000,5512121: CapitalBot,75,260,561
stockholm_wisconsin_Population2000,1960810: Nyttend,97,260,395
pearland_texas_Population2000,5512121: CapitalBot,37640,197,561
pearland_texas_Population2000,1767231: XxTrillvillexX9,79322,197,372
elmonte_california_Population2000,63286: Bumm13,0,72,595
elmonte_california_Population2000,2149144: Richard3000,115965,72,411
elmonte_california_Population2000,5512121: CapitalBot,115965,72,561
st.cloud_minnesota_Population2000,298920: Daveswagon,59107,253,461
st.cloud_minnesota_Population2000,0 (156.99.211.221),2,253,35
st.cloud_minnesota_Population2000,322606: Ravedave,59107,253,475
salisbury_maryland_Population2000,919557: Jnk,23743,231,631
salisbury_maryland_Population2000,0 (71.200.98.244),25743,231,217
salisbury_maryland_Population2000,5512121: CapitalBot,25743,231,561
salisbury_maryland_Population2000,0 (208.39.173.188),2570430,231,71
salisbury_maryland_Population2000,158008: Boothy443,25743,231,348
wilmington_delaware_Population2000,370173: Stilltim,72503,291,503
cullman_alabama_Population2000,4373711: ArkyBot,13995,52,522
cullman_alabama_Population2000,0 (65.4.12.104),14995,52,133
cullman_alabama_Population2000,988917: CapitalR,14995,52,642
sparta_tennessee_Population2000,5512121: CapitalBot,4599,250,561
sparta_tennessee_Population2000,0 (71.244.56.17),300,250,222
sparta_tennessee_Population2000,143106: Danthemankhan,4599,250,339
piedmont_westvirginia_Population2000,422817: Caponer,1014,202,516
piedmont_westvirginia_Population2000,3341541: StampCollector26750,1094,202,482
piedmont_westvirginia_Population2000,5512121: CapitalBot,1094,202,561
binghamton_newyork_Population2000,0 (128.226.64.230),47380,23,11
binghamton_newyork_Population2000,0 (216.162.17.132),473800,23,87
binghamton_newyork_Population2000,152060: Ccwaters,47380,23,345
binghamton_newyork_Population2000,0 (69.205.237.213),473800,23,187
binghamton_newyork_Population2000,0 (128.230.154.202),473803,23,12
binghamton_newyork_Population2000,1634161: Dcamin,47380,23,355
binghamton_newyork_Population2000,5478189: Detroiterbot,47380,23,559
raleigh_northcarolina_Population2000,5512121: CapitalBot,276093,212,561
raleigh_northcarolina_Population2000,3352258: Aaronbrown0,367995,212,483
milan_michigan_Population2000,5512121: CapitalBot,4775,156,561
milan_michigan_Population2000,0 (207.75.166.3),477500,156,65
milan_michigan_Population2000,44062: Bkonrad,4775,156,524
fairfax_california_Population2000,4373711: ArkyBot,7319,76,522
fairfax_california_Population2000,5512121: CapitalBot,7319,76,561
fairfax_california_Population2000,0 (67.188.30.245),8476,76,155
villapark_california_Population2000,279943: Norman the Wise,5999,278,447
villapark_california_Population2000,5512121: CapitalBot,5999,278,561
villapark_california_Population2000,0 (75.84.224.132),6335,278,270
villapark_california_Population2000,4879465: Faithlessthewonderboy,5999,278,543
brownsburg_indiana_Population2000,620554: Harpchad,14520,30,590
brownsburg_indiana_Population2000,0 (209.43.6.202),145200,30,78
brownsburg_indiana_Population2000,0 (66.92.69.182),14520,30,148
brownsburg_indiana_Population2000,5512121: CapitalBot,14520,30,561
st.george_kansas_Population2000,5512121: CapitalBot,434,254,561
st.george_kansas_Population2000,0 (129.130.203.16),43460,254,13
st.george_kansas_Population2000,1960810: Nyttend,434,254,395
wells_wisconsin_Population2000,5512121: CapitalBot,529,286,561
wells_wisconsin_Population2000,0 (144.118.55.165),729,286,29
wells_wisconsin_Population2000,1151671: Cumulus Clouds,529,286,307
newsquare_newyork_Population2000,5512121: CapitalBot,4624,181,561
newsquare_newyork_Population2000,0 (129.64.143.32),7830,181,16
boston_massachusetts_Population2005,0 (68.169.45.201),596638,26,164
boston_massachusetts_Population2005,0 (151.203.56.53),576638,26,31
boston_massachusetts_Population2005,0 (67.183.153.10),600000,26,153
boston_massachusetts_Population2005,783435: Loodog,559034,26,619
boston_massachusetts_Population2005,435516: Blnguyen,596638,26,521
knoxville_tennessee_Population2000,31297: ZekeMacNeil,173890,122,470
knoxville_tennessee_Population2000,95756: Orlady,180130,122,636
knoxville_tennessee_Population2000,0 (68.52.204.60),390180,122,171
knoxville_tennessee_Population2000,0 (170.211.189.1),2343034,122,44
knoxville_tennessee_Population2000,3580310: Greswik,180130,122,496
knoxville_tennessee_Population2000,92632: Huntster,173890,122,632
knoxville_tennessee_Population2000,2595574: Foetusized,173890,122,433
knoxville_tennessee_Population2000,0 (24.250.96.206),3890,122,108
knoxville_tennessee_Population2000,937705: Iridescent,173890,122,634
sallisaw_oklahoma_Population2000,5512121: CapitalBot,7989,233,561
sallisaw_oklahoma_Population2000,5767572: Arghh69,79895,233,570
sallisaw_oklahoma_Population2000,236191: Nihiltres,7989,233,421
norwood_kentucky_Population2000,5512121: CapitalBot,395,187,561
norwood_kentucky_Population2000,5891109: RiverRubicon,325,187,578
norwood_kentucky_Population2000,3651456: Jpeeling,395,187,501
polo_illinois_Population2000,410868: Kranar drogin,2477,206,513
polo_illinois_Population2000,0 (63.164.213.80),2476,206,117
winona_minnesota_Population2000,36500: Music monkey26,27069,294,500
winona_minnesota_Population2000,0 (199.17.57.65),270069,294,50
winona_minnesota_Population2000,0 (24.118.193.64),27069,294,95
winona_minnesota_Population2000,5512121: CapitalBot,27069,294,561
clairton_pennsylvania_Population2000,2787411: Skeetidot,8941,43,446
clairton_pennsylvania_Population2000,0 (216.102.136.4),8491,43,82
clairton_pennsylvania_Population2000,824876: VerruckteDan,8491,43,622
clairton_pennsylvania_Population2000,5478189: Detroiterbot,8491,43,559
austintown_ohio_Population2000,5512121: CapitalBot,31627,11,561
austintown_ohio_Population2000,0 (72.23.104.252),38001,11,239
austintown_ohio_Population2000,1960810: Nyttend,31627,11,395
chattanooga_tennessee_Population2000,31297: ZekeMacNeil,155554,40,470
chattanooga_tennessee_Population2000,0 (67.72.98.107),455225,40,158
chattanooga_tennessee_Population2000,0 (74.167.38.27),155554,40,250
fortdodge_iowa_Population2000,240680: SportsMasterESPN,25136,85,422
fortdodge_iowa_Population2000,0 (209.56.97.100),3487992,85,79
fortdodge_iowa_Population2000,714860: KeithB,25136,85,607
fortdodge_iowa_Population2000,5512121: CapitalBot,25136,85,561
lawrence_kansas_Population2000,89326: Swid,80098,132,630
lawrence_kansas_Population2000,0 (128.186.159.200),80068,132,10
lawrence_kansas_Population2000,88149: ESkog,80098,132,629
lawrence_kansas_Population2000,5512121: CapitalBot,80098,132,561
washburn_wisconsin_Population2000,5512121: CapitalBot,2280,284,561
washburn_wisconsin_Population2000,6054353: Bryce ndanke,151280,284,586
washburn_wisconsin_Population2000,1960810: Nyttend,2280,284,395
oceanside_california_Population2000,702573: Seven Days,161029,188,605
oceanside_california_Population2000,0 (64.167.164.249),173303,188,123
oceanside_california_Population2000,5512121: CapitalBot,173303,188,561
salisbury_newhampshire_Population2000,16168: SatyrTN,1137,232,352
salisbury_newhampshire_Population2000,0 (75.117.117.215),1337,232,258
salisbury_newhampshire_Population2000,5512121: CapitalBot,1143,232,561
melrose_massachusetts_Population2000,988917: CapitalR,27134,153,642
melrose_massachusetts_Population2000,0 (209.80.190.253),1,153,80
melrose_massachusetts_Population2000,0 (66.31.72.63),27,153,143
melrose_massachusetts_Population2000,28804: Ajd,27134,153,455
melrose_massachusetts_Population2000,0 (76.19.20.97),134,153,273
melrose_massachusetts_Population2000,5512121: CapitalBot,27134,153,561
lima_ohio_Population2000,3922229: Hmwith,40081,135,507
lima_ohio_Population2000,0 (59.100.77.217),40081000,135,116
lima_ohio_Population2000,5512121: CapitalBot,40081,135,561
maurice_iowa_Population2000,5512121: CapitalBot,254,149,561
maurice_iowa_Population2000,0 (216.51.215.225),1000000,149,89
maurice_iowa_Population2000,1960810: Nyttend,254,149,395
strasburg_ohio_Population2000,5512121: CapitalBot,2310,261,561
strasburg_ohio_Population2000,0 (204.9.149.3),2,261,57
strasburg_ohio_Population2000,1879647: VoABot II,2310,261,385
treece_kansas_Population2000,5512121: CapitalBot,149,270,561
treece_kansas_Population2000,0 (164.116.206.111),1,270,37
treece_kansas_Population2000,2551516: Blotto adrift,149,270,430
buffalo_newyork_Population2000,131603: PAR,292648,32,324
buffalo_newyork_Population2000,0 (129.21.153.44),100,32,14
buffalo_newyork_Population2000,142494: Tommycw1,292648,32,338
buffalo_newyork_Population2000,0 (168.169.179.124),18,32,41
buffalo_newyork_Population2000,688829: T 22779,282648,32,602
buffalo_newyork_Population2000,480452: Mdd4696,28264,32,539
buffalo_newyork_Population2000,142352: Pbones,282864,32,337
buffalo_newyork_Population2000,0 (12.31.22.12),292648,32,6
buffalo_newyork_Population2000,627347: MJCdetroit,292648,32,593
buffalo_newyork_Population2000,0 (24.190.6.45),279745,32,101
wilsonville_oregon_Population2000,249030: Ajbenj,13991,293,426
wilsonville_oregon_Population2000,0 (198.236.13.36),16885,293,47
wilsonville_oregon_Population2000,2812062: RB972,13991,293,448
wilsonville_oregon_Population2000,759211: Katr67,13991,293,616
wilsonville_oregon_Population2000,5512121: CapitalBot,13991,293,561
norfolk_virginia_Population2000,343214: Derek.cashman,234403,182,488
norfolk_virginia_Population2000,0 (64.12.116.133),459403,182,121
norfolk_virginia_Population2000,52007: UED77,234403,182,552
norfolk_virginia_Population2000,0 (68.225.85.205),290000,182,167
norfolk_virginia_Population2000,0 (74.57.147.75),234403,182,255
norfolk_virginia_Population2000,4154843: Atradeus,234403,182,515
norfolk_virginia_Population2000,5512121: CapitalBot,234403,182,561
bettendorf_iowa_Population2000,28269: Iowahwyman,31275,19,449
bettendorf_iowa_Population2000,1943326: Ctjf83,31890,19,391
bettendorf_iowa_Population2000,0 (63.254.139.62),5468123,19,120
bettendorf_iowa_Population2000,2106820: Mattinbgn,32394,19,410
bettendorf_iowa_Population2000,5512121: CapitalBot,32394,19,561
jacksonville_texas_Population2000,5512121: CapitalBot,13868,115,561
jacksonville_texas_Population2000,0 (74.196.109.99),15868,115,251
manchester_newhampshire_Population2000,201610: Pentawing,107006,143,401
manchester_newhampshire_Population2000,1645217: Iambecker1,109691,143,359
manchester_newhampshire_Population2000,16168: SatyrTN,109691,143,352
manchester_newhampshire_Population2000,1175300: Ken Gallager,109691,143,308
manchester_newhampshire_Population2000,5512121: CapitalBot,109691,143,561
idabel_oklahoma_Population2000,5512121: CapitalBot,6952,110,561
idabel_oklahoma_Population2000,5716135: Beltownsoldier27,7158,110,568
pepin_wisconsin_Population2000,5512121: CapitalBot,580,199,561
pepin_wisconsin_Population2000,1960810: Nyttend,878,199,395
valleystream_newyork_Population2000,0 (69.123.15.210),36368,276,177
valleystream_newyork_Population2000,2255048: Jim.henderson,36368,276,413
valleystream_newyork_Population2000,627347: MJCdetroit,36368,276,593
jackson_mississippi_Population2000,620554: Harpchad,184256,114,590
jackson_mississippi_Population2000,1290842: Tkynerd,184256,114,321
jackson_mississippi_Population2000,5240215: DRSAINT,584256,114,553
jackson_mississippi_Population2000,4414625: Oxymoron83,184256,114,525
jackson_mississippi_Population2000,2048686: Allstarecho,184256,114,407
pittsburgh_pennsylvania_Population2000,170608: Netdragon,334563,203,366
pittsburgh_pennsylvania_Population2000,443981: Williecostello,334569,203,529
houston_texas_Population2005,1265360: JFreeman,2016582,106,317
houston_texas_Population2005,0 (65.133.217.239),2048446,106,128
houston_texas_Population2005,0 (12.40.25.30),2016582,106,7
houston_texas_Population2005,1799042: Dgreco,2076189,106,375
houston_texas_Population2005,0 (88.111.196.244),1,106,286
houston_texas_Population2005,1363012: AstroPig7,2076189,106,328
houston_texas_Population2005,1767231: XxTrillvillexX9,2231335,106,372
houston_texas_Population2005,541143: Postoak,2076189,106,555
bowlinggreen_kentucky_Population2000,85392: Ross Uber,49296,28,626
bowlinggreen_kentucky_Population2000,652495: Thebdj,49296,28,596
bowlinggreen_kentucky_Population2000,0 (66.32.72.132),63400,28,144
bowlinggreen_kentucky_Population2000,0 (152.163.100.137),49296,28,33
cumberland_maryland_Population2000,627347: MJCdetroit,21518,54,593
cumberland_maryland_Population2000,2034347: Orangemonster2k1,21591,54,404
cumberland_maryland_Population2000,5512121: CapitalBot,21591,54,561
norman_oklahoma_Population2000,5512121: CapitalBot,95694,183,561
norman_oklahoma_Population2000,5854396: Mlion7,107694,183,576
kiryasjoel_newyork_Population2000,163732: Daniel Case,13138,121,357
kiryasjoel_newyork_Population2000,0 (99.245.234.154),20071,121,287
gorham_newhampshire_Population2000,16168: SatyrTN,2895,93,352
gorham_newhampshire_Population2000,0 (24.105.174.74),1000000,93,94
gorham_newhampshire_Population2000,1175300: Ken Gallager,2895,93,308
gorham_newhampshire_Population2000,5512121: CapitalBot,2895,93,561
winston-salem_northcarolina_Population2000,0 (201.37.169.136),185776,296,53
winston-salem_northcarolina_Population2000,983562: Gooday.1,203259,296,641
steubenville_ohio_Population2000,1986343: Batman6,19015,259,397
steubenville_ohio_Population2000,4450670: Fowar,1,259,531
steubenville_ohio_Population2000,137796: Fordan,19015,259,331
steubenville_ohio_Population2000,5512121: CapitalBot,19015,259,561
ray_northdakota_Population2000,5512121: CapitalBot,534,213,561
ray_northdakota_Population2000,0 (165.234.100.88),3,213,39
ray_northdakota_Population2000,176938: MatthewUND,534,213,373
walker_michigan_Population2000,4373711: ArkyBot,4801,283,522
walker_michigan_Population2000,5512121: CapitalBot,21842,283,561
montague_michigan_Population2000,2879631: Donarmado22,2407,166,454
montague_michigan_Population2000,5512121: CapitalBot,2407,166,561
elmira_newyork_Population2000,93338: Souldrifter02,30160,71,633
elmira_newyork_Population2000,5478189: Detroiterbot,30940,71,559
havredegrace_maryland_Population2000,919557: Jnk,11331,99,631
havredegrace_maryland_Population2000,0 (70.17.17.143),36543875,99,198
havredegrace_maryland_Population2000,850615: Special-T,11331,99,625
havredegrace_maryland_Population2000,5512121: CapitalBot,11331,99,561
havredegrace_maryland_Population2000,824876: VerruckteDan,11331,99,622
howland_maine_Population2000,5512121: CapitalBot,1362,107,561
howland_maine_Population2000,0 (66.252.52.167),3,107,141
howland_maine_Population2000,2922638: Wilochka,1362,107,458
utica_newyork_Population2000,185406: SpokaneWilly,60651,274,380
utica_newyork_Population2000,0 (198.40.41.250),60653,274,48
utica_newyork_Population2000,266817: Cornellrockey,60651,274,440
utica_newyork_Population2000,5512121: CapitalBot,60651,274,561
evansville_indiana_Population2000,605430: Randella,121582,74,585
evansville_indiana_Population2000,0 (74.137.182.86),151582,74,246
evansville_indiana_Population2000,0 (75.204.206.97),4,74,263
evansville_indiana_Population2000,1127303: Twintone,121582,74,304
evansville_indiana_Population2000,5512121: CapitalBot,121582,74,561
evansville_indiana_Population2000,5637919: Rhatsa26X,131582,74,565
evansville_indiana_Population2000,840224: Omnedon,121582,74,624
evansville_indiana_Population2000,0 (74.137.183.227),141582,74,247
northreading_massachusetts_Population2000,988917: CapitalR,13837,185,642
northreading_massachusetts_Population2000,5512121: CapitalBot,13837,185,561
northreading_massachusetts_Population2000,0 (75.68.109.66),58234543,185,268
northreading_massachusetts_Population2000,3477151: Cremepuff222,13837,185,492
detroit_michigan_Population2006,2850080: Purpledrank2007,900932,62,451
detroit_michigan_Population2006,128792: Wangry,886675,62,320
detroit_michigan_Population2006,0 (69.216.133.234),2184332,62,189
detroit_michigan_Population2006,44062: Bkonrad,871121,62,524
detroit_michigan_Population2006,627347: MJCdetroit,871121,62,593
detroit_michigan_Population2006,0 (71.54.175.7),850327,62,223
detroit_michigan_Population2006,783435: Loodog,871121,62,619
detroit_michigan_Population2006,1551192: Thomas Paine1776,918849,62,347
antioch_california_Population2000,355013: Geopgeop,90532,5,494
antioch_california_Population2000,0 (76.192.50.229),130532,5,275
antioch_california_Population2000,1223837: Piercival,100590,5,312
antioch_california_Population2000,5512121: CapitalBot,100590,5,561
ashby_massachusetts_Population2000,988917: CapitalR,2845,8,642
ashby_massachusetts_Population2000,0 (74.92.59.253),250845,8,256
ashby_massachusetts_Population2000,28804: Ajd,2845,8,455
ashby_massachusetts_Population2000,5512121: CapitalBot,2845,8,561
washington_d.c._Population2005,0 (84.171.251.182),582049,285,285
washington_d.c._Population2005,0 (218.186.9.2),739426,285,92
washington_d.c._Population2005,0 (65.206.236.64),1,285,130
washington_d.c._Population2005,631283: Thisisbossi,582049,285,594
washington_d.c._Population2005,118722: Alansohn,550521,285,311
bellingham_washington_Population2000,151095: Dwiki,67171,15,344
bellingham_washington_Population2000,0 (216.57.220.2),72992,15,90
bellingham_washington_Population2000,77508: ChrisRuvolo,67171,15,618
bellingham_washington_Population2000,0 (66.165.46.50),67172,15,137
bellingham_washington_Population2000,1096885: Mhmele,67172,15,301
douglasville_georgia_Population2000,1995307: Mjrmtg,27568,63,399
laquinta_california_Population2000,1410067: Matthew Peters,23694,131,335
laquinta_california_Population2000,0 (71.102.5.38),36528,131,207
laquinta_california_Population2000,737021: Will Beback,23694,131,610
laquinta_california_Population2000,5512121: CapitalBot,23694,131,561
